USE sys;

INSERT INTO USERS(USER_ID, FNAME, LNAME, EMAIL, USERNAME, USER_PASSWORD, BIRTH_DATE, PHONE_NUMBER) 
VALUES ("012345", "OUSMANE", "DIOUF", "DIOUFISM@GMAIL.COM", "DIOUFISM", "SOFTWARE", NULL , "770-223-4566");

INSERT INTO USERS(USER_ID, FNAME, LNAME, EMAIL, USERNAME, USER_PASSWORD, BIRTH_DATE, PHONE_NUMBER) 
VALUES ("29430234", "ALIYAH", "JOHNSON", "ALIYA@GMAIL.COM", "ALYYYA95", "BROOYLYN95", NULL , "232-445-4325");

INSERT INTO USERS(USER_ID, FNAME, LNAME, EMAIL, USERNAME, USER_PASSWORD, BIRTH_DATE, PHONE_NUMBER) 
VALUES ("12313312", "JENNIFER", "GRACE", "GRACE@GMAIL.COM", "JENGRACE", "SOPHMORE222", NULL , "954-222-3343");

INSERT INTO USERS(USER_ID, FNAME, LNAME, EMAIL, USERNAME, USER_PASSWORD, BIRTH_DATE, PHONE_NUMBER) 
VALUES ("0123323245", "MIKE", "kARTEL", "KARTEL1@GMAIL.COM", "MIKEKARTEL", "NARCOS", NULL , "454-677-6445");

INSERT INTO USERS(USER_ID, FNAME, LNAME, EMAIL, USERNAME, USER_PASSWORD, BIRTH_DATE, PHONE_NUMBER) 
VALUES ("012232345", "PABLO", "ESCOBAR", "NARCOS20@GMAIL.COM", "TRAPHOUSE", "BANDO", NULL , "221-223-4555");


INSERT INTO USER_Account(USER_ID, ACCOUNT_NUMBER) VALUES ( "012345", "00001C" );
INSERT INTO USER_Account(USER_ID, ACCOUNT_NUMBER) VALUES ( "29430234", "00002C" );
INSERT INTO USER_Account(USER_ID, ACCOUNT_NUMBER) VALUES ( "12313312", "00003C" );
INSERT INTO USER_Account(USER_ID, ACCOUNT_NUMBER) VALUES ( "0123323245", "00004C" );
INSERT INTO USER_Account(USER_ID, ACCOUNT_NUMBER) VALUES ( "012232345", "00005C" );

INSERT INTO PORTFOLIO(USER_ID, PORTFOLIO_No, USERNAME, STOCK_NAME) VALUES ("012345", "40", "DIOUFISM", "NASDAQ");
INSERT INTO PORTFOLIO(USER_ID, PORTFOLIO_No, USERNAME, STOCK_NAME) VALUES ("29430234", "41", "ALYYYA95", "NASDAQ");
INSERT INTO PORTFOLIO(USER_ID, PORTFOLIO_No, USERNAME, STOCK_NAME) VALUES ("12313312", "42", "JENGRACE", "NASDAQ");
INSERT INTO PORTFOLIO(USER_ID, PORTFOLIO_No, USERNAME, STOCK_NAME) VALUES ("0123323245", "43", "MIKEKARTEL", "NASDAQ");
INSERT INTO PORTFOLIO(USER_ID, PORTFOLIO_No, USERNAME, STOCK_NAME) VALUES ("012232345", "44", "TRAPHOUSE", "NASDAQ");

